--Insert institutes
INSERT INTO pr.institute (id,adress,city,"name",img_cover_src) VALUES (1,'Svetog Save 65','Čačak','Fakultet tehničkih nauka','https://upload.wikimedia.org/wikipedia/commons/7/7e/Fakultet_tehni%C4%8Dkih_nauka_u_%C4%8Ca%C4%8Dku_1.jpg');
INSERT INTO pr.institute (id,adress,city,"name",img_cover_src) VALUES (2,'Ljubićska 30','Čačak','Agronomski fakultet','https://lepevesti.club/wp-content/uploads/2018/09/Agronomski-fakultet.jpg');
INSERT INTO pr.institute (id,adress,city,"name",img_cover_src) VALUES (3,'Dositejeva 19','Kraljevo','Fakultet za mašinstvo i građevinarstvo','https://www.najstudent.com/public/files/organization/organization_37564/fakultet-za-masinstvo-i-gradjevinarstvo-kraljevo.jpg');

--Insert lecturers
--Informacione tehnologije
INSERT INTO pr.lecturer (id,fullname,email,img_src,institute_id) VALUES (1,'Dr Danijela Milošević','danijela.milosevic@ftn.kg.ac.rs','http://www.ftn.kg.ac.rs/img/people/47.jpg',1);
INSERT INTO pr.lecturer (id,fullname,email,img_src,institute_id) VALUES (2,'Dr Vlade Urošević','vlade.urosevic@ftn.kg.ac.rs','http://www.ftn.kg.ac.rs/img/people/57.jpg',1);
INSERT INTO pr.lecturer (id,fullname,email,img_src,institute_id) VALUES (3,'Dr Marija Blagojević','marija.blagojevic@ftn.kg.ac.rs','http://www.ftn.kg.ac.rs/img/people/119.jpg',1);
INSERT INTO pr.lecturer (id,fullname,email,img_src,institute_id) VALUES (4,'Dr Vladimir Mladenović','vladimir.mladenovic@ftn.kg.ac.rs','http://www.ftn.kg.ac.rs/img/people/04.jpg',1);
INSERT INTO pr.lecturer (id,fullname,email,img_src,institute_id) VALUES (5,'Dr Nenad Stefanović','nenad.stefanovic@ftn.kg.ac.rs','http://www.ftn.kg.ac.rs/img/people/03.jpg',1);
INSERT INTO pr.lecturer (id,fullname,email,img_src,institute_id) VALUES (6,'Dr Veljko Aleksić','veljko.aleksic@ftn.kg.ac.rs','http://www.ftn.kg.ac.rs/img/people/75.jpg',1);
INSERT INTO pr.lecturer (id,fullname,email,img_src,institute_id) VALUES (7,'Dr Marjan Milošević','marjan.milosevic@ftn.kg.ac.rs','http://www.ftn.kg.ac.rs/img/people/87.jpg',1);
INSERT INTO pr.lecturer (id,fullname,email,img_src,institute_id) VALUES (8,'Dr Olga Ristić','olga.ristic@ftn.kg.ac.rs','http://www.ftn.kg.ac.rs/img/people/66a.jpg',1);
INSERT INTO pr.lecturer (id,fullname,email,img_src,institute_id) VALUES (9,'Dr Živadin Micić','zivadin.micic@ftn.kg.ac.rs','http://www.ftn.kg.ac.rs/img/people/56.jpg',1);
INSERT INTO pr.lecturer (id,fullname,email,img_src,institute_id) VALUES (10,'Dr Vesna Ružičić','vesna.ruzicic@ftn.kg.ac.rs','http://www.ftn.kg.ac.rs/img/people/100.jpg',1);
INSERT INTO pr.lecturer (id,fullname,email,img_src,institute_id) VALUES (11,'Mr Biljana Savić','biljana.savic@ftn.kg.ac.rs','http://www.ftn.kg.ac.rs/img/people/10002.jpg',1);
INSERT INTO pr.lecturer (id,fullname,email,img_src,institute_id) VALUES (12,'Katarina Mitrović','katarina.mitrovic@ftn.kg.ac.rs','http://www.ftn.kg.ac.rs/img/people/95.jpg',1);
INSERT INTO pr.lecturer (id,fullname,email,img_src,institute_id) VALUES (13,'Maja Radović','maja.radovic@ftn.kg.ac.rs','http://www.ftn.kg.ac.rs/img/people/122.jpg',1);
--Preduzetnički menadžment
INSERT INTO pr.lecturer (id,fullname,email,img_src,institute_id) VALUES (14,'Dr Cariša Bešić','carisa.besic@ftn.kg.ac.rs','http://www.ftn.kg.ac.rs/img/people/77.jpg',1);
INSERT INTO pr.lecturer (id,fullname,email,img_src,institute_id) VALUES (15,'Dr Sandra Milunović Koprivica','sandra.milunovic@ftn.kg.ac.rs','http://www.ftn.kg.ac.rs/img/people/102.jpg',1);
INSERT INTO pr.lecturer (id,fullname,email,img_src,institute_id) VALUES (16,'Dr Miloš Papić','milos.papic@ftn.kg.ac.rs','http://www.ftn.kg.ac.rs/img/people/19.jpg',1);
INSERT INTO pr.lecturer (id,fullname,email,img_src,institute_id) VALUES (17,'Dr Vladimir Radovanović','vladimir.radovanovic@ftn.kg.ac.rs','http://www.ftn.kg.ac.rs/img/people/70.jpg',1);
INSERT INTO pr.lecturer (id,fullname,email,img_src,institute_id) VALUES (18,'Lidiјa Paunović','lidija.paunovic@ftn.kg.ac.rs','http://www.ftn.kg.ac.rs/img/people/paunovic.jpg',1);
INSERT INTO pr.lecturer (id,fullname,email,img_src,institute_id) VALUES (19,'Gordana Rendulić','gordana.rendulic@ftn.kg.ac.rs','http://www.ftn.kg.ac.rs/img/people/82.jpg',1);
INSERT INTO pr.lecturer (id,fullname,email,img_src,institute_id) VALUES (20,'Dr Alempije Veljović','alempije.veljovic@ftn.kg.ac.rs','http://www.ftn.kg.ac.rs/img/people/71.jpg',1);
--Industrijski menadžment
INSERT INTO pr.lecturer (id,fullname,email,img_src,institute_id) VALUES (21,'Dr Јasmina Vesić Vasović','jasmina.vesic@ftn.kg.ac.rs','http://www.ftn.kg.ac.rs/img/people/76jvv.jpg',1);
INSERT INTO pr.lecturer (id,fullname,email,img_src,institute_id) VALUES (22,'Dr Nada Damljanović','nada.damljanovic@ftn.kg.ac.rs','http://www.ftn.kg.ac.rs/img/people/83.jpg',1);
INSERT INTO pr.lecturer (id,fullname,email,img_src,institute_id) VALUES (23,'Dr Zoran Nešić','zoran.nesic@ftn.kg.ac.rs','http://www.ftn.kg.ac.rs/img/people/55.jpg',1);
INSERT INTO pr.lecturer (id,fullname,email,img_src,institute_id) VALUES (24,'Dr Јelena Јovanović','jelena.jovanovic@ftn.kg.ac.rs','http://www.ftn.kg.ac.rs/img/people/10021.jpg',1);
INSERT INTO pr.lecturer (id,fullname,email,img_src,institute_id) VALUES (25,'Dr Аleksandar Dragašević','aleksandar.dragasevic@ftn.kg.ac.rs','http://www.ftn.kg.ac.rs/img/people/69.jpg',1);
INSERT INTO pr.lecturer (id,fullname,email,img_src,institute_id) VALUES (26,'Dr Neda Nikolić','neda.nikolic@ftn.kg.ac.rs','http://www.ftn.kg.ac.rs/img/people/nnikolic.jpg',1);
INSERT INTO pr.lecturer (id,fullname,email,img_src,institute_id) VALUES (27,'Katarina Pavlović','katarina.tasic@ftn.kg.ac.rs','http://www.ftn.kg.ac.rs/img/people/tasick.jpg',1);
INSERT INTO pr.lecturer (id,fullname,email,img_src,institute_id) VALUES (28,'Vladan Paunović','vladan.paunovic@ftn.kg.ac.rs','http://www.ftn.kg.ac.rs/img/people/vladanp.jpg',1);
INSERT INTO pr.lecturer (id,fullname,email,img_src,institute_id) VALUES (29,'Sanja Puzović','sanja.puzovic@ftn.kg.ac.rs','http://www.ftn.kg.ac.rs/img/people/puzovic.jpg',1);
--INSERT INTO pr.lecturer (id,fullname,email,img_src,institute_id) VALUES (10,'Brankica Šutić-Milićević','brankica.sutic@ftn.kg.ac.rs','',1);
--INSERT INTO pr.lecturer (id,fullname,email,img_src,institute_id) VALUES (11,'Dr Miroslav Radoјičić','miroslav.radojicic@ftn.kg.ac.rs','',1);
INSERT INTO pr.lecturer (id,fullname,email,img_src,institute_id) VALUES (30,'Dr Miloš Radovanović','milos.radovanovic@ftn.kg.ac.rs','http://www.ftn.kg.ac.rs/img/people/38.jpg',1);

--Insert users
INSERT INTO pr."user" (id,fullname,email,username,"password","role") VALUES 
(1,'Darko Todorović','darkoza@gmail.com','darko97','$2a$10$0jEswddDELRuyLwS0H2avOxTAiMPMKTccAP2ps7N0x4KTGTWAHdg.','user')
,(4,'admin','','admin','$2y$10$I6aV3oe31f9qFmaSByBdo.grXSYc7RGSE7wMJDKbtKVSnfkR3JaP2','admin')
,(17,'Mladen Obradović','djomla@djomla.djomla','mladja.97','$2a$10$qRLGcH6trPSB02Zq0JQXTOL8c6sSeCZuuAU5.CSJUsFOz9sv7XYGK','user')
,(18,'Njegos','njegoss@gmail.com','gosnje','$2a$10$adhOV/uZXnXxuZA4fK3Sl.dX1CI8HlqihX1L0ZBBg5I2uv/2C.STy','user')
,(19,'Ivan','ivandasdas@gmail.com','ivo97','$2a$10$ZoKWiCRkXsdjo5YW3GvP1OvcniOWq8v0fdrbZ.7p7CtgWfqUU1st2','user')
,(20,'Dusica Nikolic','dusica.nikoli@gmail.com','dusicanikolic','$2a$10$KVALwEZQip0VFY10kwpF/uuF3c8Yi5NCCWz.yqZMIwTkEUASj./Gu','user')
;

--Insert reviews
INSERT INTO pr.review (id,user_id,lecturer_id,useful_l,interesting_l,material,commitment,communication,"comment","date") VALUES 
(48,17,20,4,7,6,1,2,'Lik koji sve prepušta asistentima koji su uglavnom odlični. Možda je nekad bio doktor ali naša generacija će ga pamtiti kao lika koji je dolaizio na fakultet i predavanja da pije kafu.','17/11/2020')
,(49,17,23,8,5,5,10,7,'Čovek je ekspert za određene predmete ali je previše tih i deluje uplašeno. Srećom su studenti uvek imali poštovanja.','17/11/2020')
,(50,17,2,9,9,8,9,6,'Vlado brzina.','17/11/2020')
,(51,17,5,9,9,9,9,9,'Vrlo odmeren profesor sa dobrim zalaganjem i kvalitetnim predavanjima. Prati nove trendove i daje izazove studentima. Liči na Mbapea.','17/11/2020')
,(52,17,16,8,10,9,10,10,'Odličan profesor, redovan i komunikativan.','17/11/2020')
,(53,17,10,4,7,7,9,9,'Profesorka koja se trudi, i izlazi studentima u susret, šteta jer su predmeti malo zastareli.','17/11/2020')
,(54,17,1,10,7,8,5,4,'Bitni predmeti, dobri asistenti, vrlo zauzeta jer je dekan tako da je retko prisutna predavanjima.','17/11/2020')
,(56,18,7,10,10,10,10,10,'','17/11/2020')
,(57,18,8,10,10,10,10,10,'Najbolja profesorka!','17/11/2020')
,(43,17,8,10,10,8,10,10,'Profesor za pohvalu. Komunikacija odlična, predmeti zanimljivi.','17/11/2020')
;
INSERT INTO pr.review (id,user_id,lecturer_id,useful_l,interesting_l,material,commitment,communication,"comment","date") VALUES 
(44,17,29,4,7,7,10,10,'Jedan od najboljih asistenata, zalaganje na zavidnom nivou, u stanju da objasni istu stvar više puta kako bi svi studenti razumeli. Jedini minus su predmeti irelevantni za IT smer.','17/11/2020')
,(45,17,3,10,9,10,10,10,'Odlična profesorka sa vrlo bitnim predmetima za IT smer. Upoznaje studente sa modernim načinom razvoja softvera i priprema za rad u timu.','17/11/2020')
,(46,17,9,2,4,7,6,5,'Šareno, nekada se čini odličnim ali vrlo često razočara. Favorizuje pojedine studente a predmeti su zastareli za stvaranje kreativnih studenata.','17/11/2020')
,(47,17,7,10,10,9,9,9,'Doktor za bezbednost. Vrlo verovatno najzanimljivija predavanja i vrlo korisna za razumevanje bezbednosti ne samo veb aplikacija već celokupnih sistema. ','17/11/2020')
,(58,18,14,8,10,4,3,10,'','17/11/2020')
,(59,19,14,5,4,3,3,8,'','17/11/2020')
,(60,19,15,7,2,4,8,6,'','17/11/2020')
,(61,19,17,9,8,8,9,7,'','17/11/2020')
,(62,19,4,2,2,2,3,4,'','17/11/2020')
,(63,19,2,6,6,7,3,5,'','17/11/2020')
;
INSERT INTO pr.review (id,user_id,lecturer_id,useful_l,interesting_l,material,commitment,communication,"comment","date") VALUES 
(64,19,23,5,2,3,5,3,'Tesko je pratiti profesora na predavanjima jer je isuvise tih.','17/11/2020')
,(65,19,10,1,2,1,7,5,'Materijal za predmete doticne profesorke je izuzetno zastareo i prakticno je neupotrebljiv. ','17/11/2020')
,(66,19,7,9,10,9,10,10,'Predavanja su izuzetno zanimljiva i korisna.','17/11/2020')
,(67,19,8,9,10,9,9,10,'','17/11/2020')
,(68,19,9,1,1,1,10,3,'','17/11/2020')
,(69,19,3,10,10,9,9,8,'','17/11/2020')
,(70,19,5,7,6,8,8,7,'','17/11/2020')
,(71,19,22,7,8,7,8,8,'','17/11/2020')
,(72,19,16,6,6,4,4,6,'','17/11/2020')
,(73,19,20,2,3,2,5,3,'','17/11/2020')
;
INSERT INTO pr.review (id,user_id,lecturer_id,useful_l,interesting_l,material,commitment,communication,"comment","date") VALUES 
(74,20,7,10,10,10,10,10,'Predavanja su korisna, profesor je veoma korektan','17/11/2020')
,(75,20,15,9,5,8,9,9,'','17/11/2020')
,(76,20,14,5,5,3,3,8,'','17/11/2020')
,(77,20,17,9,8,9,10,9,'','17/11/2020')
,(78,20,4,5,1,3,6,7,'','17/11/2020')
,(79,20,2,10,9,9,7,8,'','17/11/2020')
,(80,20,5,9,9,8,9,8,'','17/11/2020')
,(81,20,20,5,5,5,4,4,'','17/11/2020')
,(82,20,10,5,5,7,8,7,'','17/11/2020')
,(83,20,9,7,6,7,10,9,'','17/11/2020')
;
INSERT INTO pr.review (id,user_id,lecturer_id,useful_l,interesting_l,material,commitment,communication,"comment","date") VALUES 
(84,20,1,10,8,9,8,8,'','17/11/2020')
,(85,20,3,10,10,9,10,10,'','17/11/2020')
,(86,20,8,10,10,10,10,10,'','17/11/2020')
,(87,20,16,9,9,8,10,10,'','17/11/2020')
,(88,20,13,10,9,10,9,9,'','17/11/2020')
,(89,20,29,2,5,7,9,8,'','17/11/2020')
,(90,20,12,10,10,9,10,10,'','17/11/2020')
,(91,20,18,5,7,7,7,7,'','17/11/2020')
,(92,20,19,10,9,10,10,10,'','17/11/2020')
;

--Insert review likes
INSERT INTO pr.review_like (user_id,review_id,like_,dislike_) VALUES 
(1,45,true,false)
,(1,47,true,false)
,(18,47,true,false)
,(19,50,true,false)
,(19,49,true,false)
,(19,51,true,false)
,(20,47,true,false)
,(20,66,true,false)
,(20,48,true,false)
,(20,45,true,false)
;

